Amount,TransactionHour,CustomerTransactionCount24h,RecentFailureCount,BeneficiaryAgeDays,IsHighRiskCountry,RiskLevel
6681.06465911542,3,4,0,122,False,Medium
5129.22791537327,4,23,0,187,False,Medium
3809.69613502254,6,16,0,594,False,Medium
1477.61266281717,21,21,0,136,True,Medium
1491.19071731865,0,2,1,457,True,Medium
7724.28324340111,6,19,0,32,False,Medium
507.946880770822,10,21,1,159,True,Medium
2674.3841090586,1,21,0,338,True,Medium
4391.79483074313,12,15,0,605,True,Medium
637.730961031155,15,2,3,678,False,Medium
6166.06080726071,1,11,0,318,False,Medium
4006.98992610303,7,27,0,536,True,Medium
9576.78678425811,7,21,0,75,False,Medium
7761.10439922712,3,4,0,431,False,Medium
7662.2303843788,16,21,0,403,False,Medium
242.170202658591,8,27,0,160,False,Medium
2161.23704433499,14,13,0,725,True,Medium
6253.2924144777,4,9,0,21,False,Medium
9874.26749890403,18,4,2,136,False,Medium
1073.3386134139,0,6,3,525,False,Medium
5255.94057760012,19,8,2,485,False,Medium
7787.93959309717,22,28,0,650,False,Medium
5875.29775028829,5,19,0,517,True,Medium
3478.66571204675,12,21,0,386,False,Medium
2913.32512763949,6,26,0,268,False,Medium
6625.66246307719,23,11,2,227,False,Medium
5930.51994495584,14,12,3,57,False,Medium
3124.02777519265,22,26,2,12,False,Medium
9405.79768708246,18,1,0,479,True,Medium
3513.16130883673,0,17,0,113,False,Medium
8606.18920931881,8,18,0,312,False,Medium
5543.87290288875,12,20,0,477,False,Medium
2255.96157007663,7,16,2,506,False,Medium
3089.67397226471,11,21,0,69,False,Medium
4631.18034164942,21,28,0,152,False,Medium
6334.36586071475,15,25,0,236,True,Medium
9047.14103278105,15,27,0,112,False,Medium
3738.87658293307,2,1,1,15,False,Medium
8271.25636314566,19,12,0,94,False,Medium
5443.4130552427,1,1,1,68,False,Medium
5238.23007719509,17,27,1,649,False,Medium
7977.2144127531,22,25,0,519,False,Medium
8140.41155303848,10,27,0,197,False,Medium
5753.31017642902,22,27,0,618,False,Medium
3895.55795765275,2,29,0,644,False,Medium
2760.39470581356,23,14,1,388,True,Medium
8307.29801128958,20,2,2,331,False,Medium
8898.21675089105,6,26,0,453,False,Medium
7652.73300821554,10,20,0,267,True,Medium
6272.10740757739,18,11,2,700,False,Medium
4750.33207086396,12,10,1,200,False,Medium
802.139477246506,12,21,2,414,False,Medium
8533.20949642603,11,24,0,446,False,Medium
472.989022020711,1,7,3,440,True,Medium
8843.19601526633,4,26,0,303,False,Medium
1624.32923988641,3,29,0,151,False,Medium
408.476032506896,4,21,1,11,False,Medium
6905.16746458838,10,27,0,33,False,Medium
8433.01692904579,1,3,0,279,False,Medium
3175.06494614066,19,22,0,121,False,Medium
8702.92610428432,12,7,0,533,False,Medium
1140.6930355079,14,16,1,694,False,Medium
9514.29118379685,18,11,0,64,False,Medium
1033.36446501006,21,24,3,697,False,Medium
8157.63740248868,5,14,0,56,False,Medium
7919.08204458611,12,15,0,314,True,Medium
2473.90592585965,3,13,1,226,True,Medium
9260.50600095676,4,14,0,158,False,Medium
3630.46521955657,7,26,0,641,False,Medium
1045.84896054391,0,23,1,518,False,Medium
9324.62858004711,5,23,0,80,False,Medium
3653.0615406358,0,20,0,201,False,Medium
7188.94855919711,15,18,1,85,False,Medium
4244.30177279017,20,14,1,547,False,Medium
2767.61122176778,4,10,1,211,False,Medium
3842.79706694316,7,25,0,50,True,Medium
3528.15398179374,2,21,0,613,False,Medium
6951.09594005677,2,6,0,185,False,Medium
5277.26197395346,12,27,0,713,False,Medium
6592.61628826736,16,4,1,292,False,Medium
1485.47054337592,18,27,0,444,False,Medium
5552.09871640061,19,5,2,251,False,Medium
5583.3978231919,15,1,0,426,True,Medium
6706.78781657796,18,8,0,212,True,Medium
8093.40185396997,6,18,0,86,False,Medium
1367.86277935275,21,25,0,289,False,Medium
4664.38125104847,7,17,0,644,False,Medium
3430.25468915247,12,23,2,538,False,Medium
8132.4363724014,21,18,0,146,False,Medium
5822.09831374795,19,27,1,441,False,Medium
9594.2074989873,7,12,0,229,False,Medium
4307.57576800304,22,5,1,57,True,Medium
341.738709407737,5,28,0,488,False,Medium
3861.90301918513,2,20,0,304,False,Medium
5879.75781219069,5,19,2,638,False,Medium
1749.85980696504,13,20,3,53,False,Medium
1979.27670179833,8,24,0,341,False,Medium
7218.39024555794,12,24,0,163,False,Medium
6617.43744584612,6,9,0,229,False,Medium
3644.74539349077,13,29,1,615,False,Medium
7632.90463370872,10,7,0,427,False,Medium
2113.96397189887,20,20,1,78,False,Medium
2377.52755283263,7,10,0,726,True,Medium
7611.0342972032,19,17,1,635,False,Medium
4136.62747672602,14,29,0,247,False,Medium
2705.71722775033,16,5,2,629,True,Medium
4918.8652704092,4,21,0,73,True,Medium
592.040941394885,2,29,0,709,False,Medium
7513.10809865273,5,26,1,134,False,Medium
1327.67482722535,9,23,0,184,False,Medium
3618.33356955011,9,18,0,539,True,Medium
4918.20516759446,0,29,0,130,False,Medium
1311.36315004498,11,25,0,318,False,Medium
7305.95802762823,4,7,1,589,False,Medium
8655.42082053396,6,20,0,708,False,Medium
529.620494008819,6,25,1,524,False,Medium
9075.14600971488,18,28,0,29,False,Medium
8013.35610356804,17,19,0,333,True,Medium
2135.32517297907,23,12,1,721,False,Medium
4908.30609803475,21,17,0,70,False,Medium
5186.08374762632,4,12,0,614,True,Medium
3363.33322495377,2,29,0,64,False,Medium
7579.12202625494,13,17,0,152,True,Medium
8397.08794765039,1,5,0,708,False,Medium
6508.8350030169,2,7,0,204,False,Medium
8103.47263147285,23,14,0,53,False,Medium
8029.157094671,14,2,0,4,False,Medium
1582.33629613292,13,26,1,686,False,Medium
1222.08627929077,6,27,2,397,False,Medium
70.8020013155425,18,24,2,237,False,Medium
5832.86798830743,3,27,0,418,False,Medium
5288.81659977549,8,18,0,646,True,Medium
7296.28560007377,13,9,0,697,False,Medium
8075.11876713257,5,6,1,193,False,Medium
4346.73052949213,23,19,0,573,False,Medium
1569.24030350952,13,27,0,637,False,Medium
4437.36371325206,4,14,0,717,False,Medium
5690.01810890158,15,18,1,501,False,Medium
8535.7427450529,3,9,0,660,False,Medium
3625.27624407098,23,29,0,272,True,Medium
3451.28428817321,0,22,0,292,False,Medium
3974.35962407587,14,4,4,200,False,Medium
4174.29922808628,1,23,0,143,False,Medium
7495.03835919082,4,4,0,681,False,Medium
2387.52227387741,21,20,0,321,False,Medium
7594.90662142397,5,20,0,482,False,Medium
5765.47534473495,8,19,0,113,True,Medium
2720.19018545756,8,19,0,8,False,Medium
898.238365025371,10,12,4,19,False,Medium
5614.21511024899,0,7,0,259,False,Medium
7914.54290408387,6,15,1,427,False,Medium
2220.85683709982,14,10,0,97,True,Medium
233.582700711481,3,21,0,232,False,Medium
9323.59347554091,11,7,2,262,False,Medium
368.398330345935,0,23,0,605,False,Medium
8702.19082976794,14,16,0,331,False,Medium
8950.87280727498,11,5,0,178,False,Medium
7907.84615925878,6,24,0,430,False,Medium
3084.53484116333,3,16,0,48,False,Medium
7301.10457507014,22,28,0,652,False,Medium
6046.05959078579,21,9,2,479,False,Medium
5451.76310252946,1,16,1,599,False,Medium
6113.55514550282,2,10,0,585,False,Medium
8376.38769223186,3,20,0,502,False,Medium
7833.63776180597,10,3,2,360,False,Medium
8490.48645630967,14,5,0,391,False,Medium
5301.03927259382,2,18,0,358,False,Medium
7994.20479126005,18,26,1,51,False,Medium
6829.05286402863,12,16,1,526,False,Medium
3728.78445951677,22,23,0,564,True,Medium
3984.88550166827,23,25,0,51,False,Medium
4584.7411009412,8,19,0,400,False,Medium
7215.42839762542,18,11,1,726,False,Medium
1578.44198475519,19,17,1,369,False,Medium
8152.72220324386,1,8,0,573,False,Medium
1574.26969687188,10,15,1,363,False,Medium
5863.37336612091,3,17,0,296,True,Medium
2119.90058520804,11,22,0,327,False,Medium
5229.20109575112,12,17,0,259,False,Medium
3013.94773321876,8,14,1,617,False,Medium
6617.32118419247,0,15,0,224,False,Medium
5485.43446021408,12,27,0,378,False,Medium
8059.22752621548,2,14,0,97,True,Medium
6422.78201711494,16,17,1,727,False,Medium
5204.69750520061,1,15,0,553,True,Medium
8211.59680290688,12,13,0,420,False,Medium
9224.82328453326,0,16,0,446,False,Medium
8566.69981897189,8,17,0,684,False,Medium
5681.90715540289,0,7,0,133,False,Medium
443.705190179732,22,26,0,229,False,Medium
1829.15143288167,20,24,1,114,True,Medium
5241.88018648041,6,25,1,550,False,Medium
9972.54085725758,7,18,0,214,False,Medium
1252.83024797814,16,15,1,560,False,Medium
1879.77301044379,10,27,0,256,False,Medium
9593.64014658781,0,9,0,98,False,Medium
6492.35186469385,6,21,0,476,False,Medium
1410.96223211426,7,26,0,227,False,Medium
446.000443979167,22,24,0,621,False,Medium
6794.61967050779,5,9,1,383,False,Medium
9593.71563959574,4,26,0,203,False,Medium
1209.34967939246,0,19,0,251,True,Medium
927.419267095355,14,22,1,386,True,Medium
6750.80627517346,18,27,0,705,False,Medium
1521.93080239088,2,21,2,394,True,High
3213.08856048299,7,22,2,6,True,High
8958.94704803776,5,27,2,203,False,High
4000.29483437552,2,27,4,650,False,High
5422.01925787237,14,28,2,545,False,High
7515.63156373595,10,29,0,627,True,High
4201.5555427417,3,17,0,1,False,High
8587.26253667253,19,25,3,592,False,High
8767.1416759338,22,26,4,230,False,High
7443.72334212238,14,14,3,313,False,High
4730.38962331153,4,20,3,72,False,High
3780.42011232135,13,14,4,111,False,High
8908.033733679,0,13,0,628,True,High
5709.36112930503,16,26,2,31,False,High
8676.43609581349,1,4,4,216,True,High
5066.07385588161,0,28,0,428,True,High
4612.02132264712,11,29,4,190,False,High
6544.50456916564,0,15,3,540,False,High
6247.10557341906,4,19,2,318,True,High
9181.8338023414,16,28,1,38,False,High
7145.07237875139,17,21,5,397,False,High
4063.54181192049,1,25,2,428,False,High
9031.21252499112,5,11,1,214,True,High
7885.30005974942,7,28,3,99,False,High
4692.45072672723,11,17,4,405,True,High
5230.49826977332,17,5,3,722,True,High
4800.46965405367,2,11,4,247,False,High
9268.70281308363,5,1,4,55,False,High
8511.24574826623,11,27,1,159,False,High
8258.26827821241,23,20,1,452,True,High
8872.2875429654,15,21,3,371,True,High
9872.3558708431,3,8,1,88,True,High
7485.29564006501,14,9,4,592,False,High
9262.73973158688,7,28,1,568,False,High
9298.6837259022,1,11,2,709,False,High
6337.38686160063,5,26,0,142,True,High
5609.60787144006,5,26,3,500,True,High
8808.94769858986,16,12,3,412,True,High
8581.3093365083,19,28,1,318,False,High
5330.19873096151,8,21,1,347,True,High
6458.59525374072,1,29,1,529,False,High
7661.46451125921,22,29,1,127,False,High
5831.60286575165,19,1,0,587,False,Low
5562.10692765289,17,4,0,285,False,Low
3482.04234777114,23,14,0,691,False,Low
2285.10881880536,20,19,0,306,False,Low
1985.51159444522,22,2,0,156,False,Low
186.209748585806,21,12,1,478,False,Low
5218.77462753038,8,10,0,441,False,Low
3219.10578441764,15,3,0,615,False,Low
1085.41292188941,22,6,1,145,False,Low
306.356279322112,13,20,0,94,False,Low
1156.25175235618,3,14,0,411,False,Low
1093.77243607015,11,15,0,342,False,Low
2809.29204673008,9,17,0,104,False,Low
442.924099249264,2,6,0,156,False,Low
785.261695638886,3,8,0,473,False,Low
7437.44062606126,23,6,0,345,False,Low
919.805118311106,10,22,0,443,False,Low
1346.75615064183,16,18,0,65,False,Low
1848.62102467968,23,16,0,489,False,Low
3767.50279859058,3,2,0,33,False,Low
6540.00263034366,3,2,0,604,False,Low
1114.22053590148,14,13,0,304,False,Low
640.373640060599,20,5,1,363,False,Low
271.934094034105,21,12,0,484,False,Low
8351.05581132279,11,2,0,91,False,Low
3705.2920803918,10,10,0,314,False,Low
3809.60973157064,4,1,0,88,False,Low
2191.97548562287,7,1,0,475,False,Low
8697.22346248907,18,3,0,537,False,Low
824.498664971673,11,6,1,544,False,Low
1862.06960671678,22,2,0,396,False,Low
993.311102964594,13,3,1,150,False,Low
3187.41199708889,1,7,0,692,False,Low
4259.94653918778,6,2,1,83,False,Low
945.819565535439,17,10,0,421,False,Low
106.37758304662,9,7,0,282,False,Low
84.5085457360877,8,10,0,201,False,Low
669.931983887186,17,7,0,407,False,Low
2114.02439610754,11,10,1,155,False,Low
2575.00696115895,6,16,0,674,False,Low
1452.3038228286,2,1,1,674,False,Low
84.8802552022414,7,15,0,549,False,Low
821.067872839546,19,10,0,255,False,Low
1346.19228604538,22,3,0,433,False,Low
801.02514978546,23,14,0,409,False,Low
6826.2717066455,5,7,0,384,False,Low
1508.612428563,5,9,0,290,False,Low
2107.65265957809,8,4,0,76,False,Low
3340.01089136117,20,2,0,502,False,Low
8871.24227307329,22,1,0,584,False,Low
8456.0077909641,12,3,0,168,False,Low
774.279102112297,11,11,0,200,False,Low
5609.72917154884,7,3,0,458,False,Low
7731.17181273697,22,2,0,468,False,Low
